Customer_ID,Age_Group,Occupation,City,UPI_Count,Card_Count,ATM_Count,Deposits,Withdrawals,Bill_Payments
1,18-25,Student,Chennai,30,15,2,5000,2000,10
2,26-35,IT,Bangalore,25,20,3,10000,4000,15
3,36-45,Business,Coimbatore,10,5,15,20000,15000,5
4,46-60,Government,Salem,5,3,20,15000,12000,2
5,18-25,Student,Chennai,35,10,1,4000,1500,12
6,26-35,IT,Bangalore,28,18,2,12000,5000,18
7,36-45,Business,Coimbatore,12,6,12,25000,20000,6
8,46-60,Government,Salem,6,4,18,14000,11000,3
9,18-25,Student,Chennai,40,12,1,3000,1000,15
10,26-35,IT,Bangalore,30,22,2,15000,6000,20
11,36-45,Business,Coimbatore,8,4,14,22000,17000,4
12,46-60,Government,Salem,4,2,22,13000,10000,1
13,18-25,Student,Chennai,45,14,1,3500,1200,18
14,26-35,IT,Bangalore,32,25,2,16000,7000,22
15,36-45,Business,Coimbatore,9,5,13,27000,21000,5
16,46-60,Government,Salem,3,2,25,12000,9000,2
17,18-25,Student,Chennai,38,11,1,4500,1800,14
18,26-35,IT,Bangalore,29,19,3,14000,5500,19
19,36-45,Business,Coimbatore,11,6,16,26000,19000,6
20,46-60,Government,Salem,5,3,21,13500,10500,2